REF;I
9;100000
3114;100001
3115;100002
2;100003
15;100004
7;100005
10;100006
12;100008
3647;100009
R/503;100010
5887;100011
7838;100012
7834;100013
7836;100014
7835;100015
7837;100016
101217;100017
7096;100018
7098;100019
3;100020
6;100021
8;100022
13;100023
14;100024
3646;100025
16;100026
3648;100027
17;100028
21;100029
2323;100030
2322;100031
20;100032
6788;100033
4367;100034
6926;100035
5920;100036
5921;100037
10069;100038
3703;100039
6160;100040
6927;100041
ACROP1/4;100042
ACROP-GP;100043
7499;100044
10249;100045
10248;100046
6409;100047
6408;100048
9534;100049
7719;100050
7720;100051
7731;100052
7732;100053
A31364;100054
7724;100055
7723;100056
7725;100057
7735B;100058
7734;100059
7703;100060
7704B;100061
7706B;100062
7707B;100063
7743B;100064
7747;100065
7744;100066
7745;100067
7736;100068
7737B;100069
7738B;100070
7722;100071
7717;100072
7739;100073
7740B;100074
7741;100075
7711;100076
7710;100077
7713;100078
7714B;100079
7726;100080
7715;100081
9516;100082
9517;100083
9518;100084
20309;100085
5580;100086
4730;100087
6742;100088
1817;100089
38;100090
5950;100091
9520;100092
9523B;100093
2621;100094
3464;100095
3465;100096
3463;100097
10083;100098
9521;100099
9770;100100
10015;100101
10016;100102
9769;100103
44;100104
45;100105
46;100106
47;100107
248;100108
904;100109
3056;100110
905;100111
903;100112
1891;100113
3412;100114
901;100115
9522;100116
9523;100117
52;100118
10275;100119
6751;100120
6752;100121
1962;100122
68;100123
9525;100124
71;100125
72;100126
73;100127
74;100128
6597;100129
77;100130
78;100131
79;100132
80;100133
81;100134
6600;100135
6601;100136
82;100137
7293;100138
9525_;100139
76;100140
83;100141
544_;100142
543;100143
543_;100144
542;100145
540;100146
539;100147
33122;100148
541;100149
9542;100150
85;100151
86;100152
87;100153
3087;100154
3086;100155
3095;100156
3098;100157
3097;100158
3088;100159
3089;100160
3090;100161
3091;100162
3092;100163
3093;100164
3094;100165
10168;100166
10234;100167
10235;100168
88;100169
89;100170
10423;100171
10424;100172
2319;100173
9544;100174
9545;100175
9546;100176
9548;100177
8266;100178
5388;100179
96;100180
97;100181
7518;100182
9549;100183
1816;100184
9550;100185
1222;100186
101;100187
9556;100188
9560;100189
4841;100190
5634;100191
9559;100192
10511;100193
10510;100194
10504;100195
1291;100196
10345;100197
10361;100198
10360;100199
9541;100200
9540;100201
10509;100202
9560_;100203
10354;100204
9561;100205
9562;100206
106;100207
107;100208
02_;100209
10206;100210
113;100211
111;100212
112;100213
4515;100214
650;100215
4724;100216
7816;100217
3764;100218
114;100219
115;100220
2665;100221
7609;100222
45556;100223
5697;100224
10096;100225
119;100226
121;100227
4142;100228
6603;100229
3053;100230
3528;100231
2049;100232
6613;100233
122;100234
5310;100235
5311;100236
5312;100237
5313;100238
9563;100239
33119;100240
5510;100241
135;100242
10338;100243
6656;100244
9528;100245
138;100246
6657;100247
9565;100248
10355;100249
10205;100250
PT1222;100251
6723;100252
6724;100253
6725;100254
6726;100255
6727;100256
10108;100257
3324;100258
3325;100259
3326;100260
3327;100261
3328;100262
144;100263
145;100264
10412;100265
154;100266
155;100267
156;100268
157;100269
158;100270
159;100271
160;100272
161;100273
162;100274
163;100275
167;100276
1869;100277
164;100278
166;100279
165;100280
193;100281
194;100282
195;100283
196;100284
197;100285
198;100286
2132;100287
168;100288
171;100289
173;100290
174;100291
175;100292
176;100293
1870;100294
177;100295
178;100296
179;100297
180;100298
181;100299
182;100300
184;100301
907;100302
1236;100303
2058;100304
5455;100305
188;100306
189;100307
2131;100308
190;100309
191;100310
192;100311
1890;100312
199;100313
33116;100314
10403;100315
201;100316
202;100317
6494;100318
2050;100319
7075;100320
7074;100321
7076;100322
210;100323
211;100324
212;100325
213;100326
214;100327
215;100328
216;100329
217;100330
605;100331
219;100332
284;100333
221;100334
220;100335
603;100336
222;100337
2427;100338
2428;100339
2134;100340
2135;100341
224;100342
225;100343
9578;100344
9580;100345
9582;100346
9583;100347
9581;100348
9584;100349
230;100350
6305;100351
6306;100352
231;100353
9585;100354
10251;100355
237;100356
238;100357
239;100358
240;100359
241;100360
242;100361
243;100362
3645;100363
3305;100364
3307;100365
3769;100366
3846;100367
9586;100368
9587;100369
9588;100370
9589;100371
4336;100372
4337;100373
4338;100374
245;100375
246;100376
247;100377
226;100378
4856;100379
4726;100380
228;100381
5087;100382
4757;100383
227;100384
7775;100385
7779;100386
7777;100387
7778;100388
249;100389
250;100390
5990;100391
268;100392
5928;100393
5925;100394
5927;100395
5929;100396
5926;100397
271;100398
272;100399
270;100400
273;100401
10080;100402
10079;100403
10081;100404
4884;100405
277;100406
278;100407
279;100408
280;100409
5704;100410
7600;100411
5706;100412
9731;100413
10474;100414
10340;100415
10341;100416
10342;100417
10475_;100418
5714;100419
5716;100420
296;100421
297;100422
4229;100423
299;100424
300;100425
298;100426
301;100427
302;100428
303;100429
304;100430
306;100431
307;100432
308;100433
309;100434
305;100435
310;100436
311;100437
312;100438
313;100439
8037;100440
8038;100441
7708B;100442
2582;100443
6144;100444
2583;100445
2600;100446
4375;100447
3964;100448
9766;100449
9758;100450
371;100451
372;100452
373;100453
375;100454
376;100455
374;100456
6335;100457
9767;100458
2587;100459
2588;100460
3069;100461
6334;100462
6332;100463
7759;100464
7760;100465
7761;100466
7762;100467
7750;100468
7751;100469
7752;100470
7753;100471
7754;100472
4237;100473
4238;100474
9599;100475
6945;100476
56715;100477
384;100478
3551;100479
3121;100480
387;100481
3038;100482
2094;100483
9601;100484
2042;100485
9600;100486
7446;100487
10476;100488
390;100489
10105;100490
8992;100491
8993;100492
7462;100493
4950;100494
395;100495
4121;100496
394XXX;100497
398;100498
397;100499
394;100500
3859;100501
3860;100502
10262;100503
9602;100504
9605;100505
A21;100506
2604;100507
407;100508
6946;100509
4668;100510
406;100511
4138;100512
4137;100513
402;100514
6947;100515
1074;100516
7300;100517
4966;100518
7015;100519
5284;100520
5285;100521
421;100522
6948;100523
425;100524
6274;100525
8906;100526
6980;100527
6979;100528
2360;100529
8042;100530
5079;100531
7799;100532
2143;100533
439;100534
440;100535
441;100536
442;100537
2661;100538
443;100539
444;100540
445;100541
2145;100542
446;100543
447;100544
448;100545
449;100546
450;100547
2014;100548
5852;100549
451;100550
3274;100551
5047;100552
453;100553
456;100554
3071;100555
9617;100556
9618;100557
10480;100558
467;100559
469;100560
2625;100561
2899;100562
2900;100563
2898;100564
2901;100565
10411;100566
8321;100567
7031;100568
7786;100569
7785;100570
8282;100571
7787;100572
4961;100573
471;100574
10121;100575
10120;100576
4151;100577
14413;100578
7791;100579
7789;100580
7790;100581
7756;100582
5653;100583
5383;100584
5286;100585
10247;100586
9619;100587
7757;100588
481;100589
4054;100590
3576;100591
9620;100592
483;100593
484;100594
4811;100595
5583;100596
5584;100597
5585;100598
5586;100599
5587;100600
5588;100601
498;100602
497;100603
500;100604
5076;100605
3880;100606
5283;100607
7364;100608
7363;100609
6712;100610
504;100611
506;100612
9622;100613
9621;100614
9623;100615
9624;100616
9625;100617
9626;100618
9627;100619
9628;100620
9629;100621
10395;100622
10332;100623
10333;100624
10413;100625
10388;100626
10419;100627
10483;100628
2326;100629
2327;100630
2328;100631
2329;100632
2330;100633
2331;100634
2332;100635
96331;100636
C96321;100637
9635;100638
9636;100639
9634;100640
9637;100641
9638;100642
9639;100643
9640;100644
9641;100645
9645;100646
9643;100647
9644;100648
9646;100649
9647;100650
9648;100651
9649;100652
9650;100653
9651;100654
9652;100655
3886;100656
9653;100657
3147;100658
8039;100659
2137;100660
515;100661
7071;100662
9655;100663
591;100664
7823;100665
5157;100666
6753;100667
6754;100668
1902;100669
604;100670
602;100671
9657;100672
9656;100673
8735;100674
8734;100675
8753;100676
9661;100677
9662;100678
9663;100679
9664;100680
3031;100681
9666;100682
9665;100683
9667;100684
10126;100685
9668;100686
9669;100687
10141;100688
9670;100689
9671;100690
2961;100691
9672;100692
9673;100693
4779;100694
9674;100695
4908;100696
4910;100697
4911;100698
10143;100699
6370;100700
4818;100701
622;100702
623;100703
624;100704
625;100705
626;100706
633;100707
634;100708
7145;100709
7146;100710
5354;100711
7148;100712
4225;100713
4226;100714
6256;100715
6129;100716
6130;100717
6131;100718
645;100719
123;100720
2523;100721
2325;100722
994;100723
4235;100724
6333;100725
6336;100726
66;100727
7712B;100728
DSF109;100729
7770;100730
10456;100731
10445;100732
10444;100733
10458;100734
15100;100735
15101;100736
15102;100737
1445;100738
10236;100739
9591;100740
459H;100741
389;100742
B26750;100743
26756;100744
BLY 1;100745
BLY 3;100746
BLY 4;100747
BLY 7;100748
BLY 9;100749
7601;100750
4839;100751
C44;100752
2095;100753
2096;100754
1423;100755
6229;100756
7825;100757
6767;100758
475;100759
139;100760
140;100761
2974;100762
10485;100763
5643;100764
7829;100765
6981;100766
4898;100767
12894;100768
5987;100769
5988;100770
3165;100771
7910;100772
8446;100773
55555;100774
5833SS;100775
12156;100776
12166;100777
3399;100778
2222;100779
8963;100780
8955;100781
5333;100782
63984;100783
5368;100784
B5638;100785
AP1;100786
4236;100787
C67;100788
5797;100789
45894;100790
6967;100791
6968;100792
5930;100793
5944;100794
89566;100795
56982;100796
45653;100797
6432;100798
438;100799
4532_;100800
8563;100801
8210;100802
6614;100803
8954;100804
98633;100805
4611;100806
7599;100807
10146;100808
96534;100809
5986;100810
8223;100811
96357;100812
78532;100813
96314;100814
10425;100815
99863;100816
7097;100817
5635;100818
10576B;100819
7746;100820
57412;100821
57413;100822
10580;100823
7107;100824
18911;100825
5396;100826
9895;100827
5039;100828
232516;100829
8961;100830
45786;100831
7863;100832
7764;100833
7780;100834
10586;100835
10580_;100836
10587;100837
10588;100838
10589;100839
10590;100840
10591;100841
10592;100842
12635;100843
21512;100844
28220;100845
21452;100846
2316;100847
21365;100848
10576;100849
85024;100850
10698;100851
12851;100852
10129;100853
6495;100854
7916;100855
C130;100856
7788;100857
11580;100858
B01805;100859
8789;100860
67521;100861
22111;100862
2890;100863
60220;100864
103200;100865
7877;100866
3151A;100867
113714;100868
3759;100869
4018;100870
89887;100871
C95901;100872
95901;100873
705;100874
10221;100875
14451;100876
12750;100877
4035;100878
2435;100879
3524;100880
11112;100881
48154;100882
7911;100883
8671;100884
7395;100885
11000;100886
11001;100887
11002;100888
3306;100889
3306B;100890
10500;100891
34901;100892
11010;100893
11011;100894
11012;100895
16011;100896
3685;100897
7730;100898
16012;100899
36125;100900
15804;100901
15805;100902
105002;100903
105001;100904
11032;100905
11034;100906
154002;100907
11508;100908
8848;100909
15888;100910
15889;100911
15901;100912
15501;100913
15870;100914
15871;100915
15874;100916
4853;100917
45111;100918
11041;100919
78444;100920
124511;100921
451111;100922
15809;100923
154400;100924
154877;100925
7758;100926
C29651;100927
16045;100928
64958;100929
16001;100930
16004;100931
16047;100932
16048;100933
99991;100934
16055;100935
17014;100936
17901;100937
17092;100938
8425;100939
3751;100940
10662;100941
8758;100942
8375;100943
3331;100944
3330;100945
6214;100946
3334;100947
16070;100948
16082;100949
8430;100950
8434;100951
16088;100952
55458;100953
5356;100954
87554;100955
6496;100956
16098;100957
12895;100958
16095;100959
5612;100960
17093;100961
17096;100962
17097;100963
47854;100964
47855;100965
5489;100966
5556;100967
5559;100968
5561;100969
5765;100970
9659;100971
17820;100972
60213;100973
5658;100974
16730;100975
5978;100976
BLY14;100977
25231;100978
16751;100979
11009;100980
11007;100981
11008;100982
16757_;100983
16758;100984
78945;100985
B04521;100986
2681;100987
1520;100988
1521;100989
1522;100990
1519;100991
3801;100992
3201;100993
3202;100994
12741;100995
A111;100996
85235;100997
120A;100998
121A;100999
122A;101000
123A;101001
nnnnnn;101002
124A;101003
R-509;101004
A30;101005
A40;101006
A29;101007
A28;101008
C01;101009
C02;101010
C03;101011
TD2;101012
CP01;101013
1250;101014
1489;101015
7610;101016
N5;101017
CE1;101018
CE2;101019
CH1;101020
CE3;101021
5718;101022
CS1;101023
C012;101024
BE1;101025
C013;101026
CM 20;101027
BL1;101028
12742;101029
B 03;101030
BL2;101031
7501;101032
BD1;101033
A01;101034
C2961;101035
8391;101036
11945;101037
7704;101038
7737;101039
7738;101040
7740;101041
7743;101042
BP12;101043
C0156;101044
B0738;101045
7708;101046
8395;101047
7705;101048
8480;101049
7735;101050
7706;101051
8478;101052
7707;101053
7709;101054
7742;101055
7712;101056
7714;101057
7716;101058
B012;101059
B013;101060
8747B;101061
8394;101062
7710B;101063
L4875;101064
MB1;101065
1651;101066
11946;101067
12134;101068
7721;101069
CV1;101070
BR09;101071
BR01;101072
BR02;101073
BR03;101074
BR07;101075
BR08;101076
CB1;101077
B20;101078
C1;101079
C2;101080
CC1;101081
CL1;101082
CDR;101083
CU1;101084
CO4;101085
CM1;101086
CP1_;101087
CM2;101088
C3;101089
B15;101090
CED;101091
31214;101092
BR04;101093
BR05;101094
27782;101095
8396;101096
MPBM25A1;101097
BBL20W;101098
12604;101099
C12;101100
65258;101101
5138;101102
7096B;101103
56001;101104
56001_;101105
0042_;101106
8393;101107
CC16;101108
C16;101109
C18;101110
C20;101111
BM15;101112
BM20;101113
BM30;101114
BM40;101115
01917;101116
C01921;101117
09380;101118
C01919;101119
BL6;101120
BL10;101121
BL12;101122
ACA;101123
ACAI;101124
ACVJ;101125
ACAL;101126
ACVB;101127
01914;101128
CB8;101129
CB6;101130
APL;101131
12596;101132
ACDP;101133
ACFR;101134
BL9;101135
BL13;101136
A6;101137
BEX6;101138
CHVD;101139
CHVI;101140
CP4;101141
31673;101142
A35;101143
03791;101144
03793;101145
03792;101146
03898;101147
A3794;101148
04171;101149
03851;101150
A04175;101151
05857;101152
05858;101153
C0311;101154
C0310;101155
7609B;101156
A01523;101157
B9;101158
27108710;101159
9084;101160
9085;101161
C8-10;101162
04215;101163
9086;101164
BC3;101165
5607;101166
4227;101167
BM50;101168
BH1 1/2;101169
BH2;101170
BH3;101171
C1/2;101172
7711B;101173
7734B;101174
7713B;101175
CPET;101176
ACGE;101177
ACROP - G2;101178
CU1/4;101179
CUG;101180
CUPO;101181
11162;101182
10722;101183
C5;101184
CD10;101185
CD12;101186
CD14;101187
CD16;101188
BK;101189
AHG;101190
BA20;101191
BA40;101192
BA60;101193
12091;101194
32135;101195
R-507;101196
BM18;101197
32237;101198
32249;101199
12781;101200
0016;101201
32378;101202
32414;101203
8793;101204
8794;101205
11522;101206
8795;101207
8796;101208
11523;101209
13358;101210
13359;101211
R/500;101212
R/502;101213
29147;101214
499;101215
32483;101216
32489;101217
32492;101218
32498;101219
32510;101220
32513;101221
32549;101222
32552;101223
32582;101224
32585;101225
32588;101226
32597;101227
32600;101228
32603;101229
32606;101230
32609;101231
32612;101232
32615;101233
32654;101234
32681;101235
32684;101236
32687;101237
32690;101238
32693;101239
32696;101240
32699;101241
32702;101242
32714;101243
SR1833;101244
BG252;101245
32786;101246
BCD1;101247
CCM325;101248
CCM1200;101249
CC2144;101250
32852;101251
CCM600;101252
CCM1800;101253
660;101254
DC;101255
DP12;101256
10323;101257
10321;101258
10222;101259
DPC-G;101260
21547;101261
6606;101262
7169;101263
5884;101264
7878;101265
655;101266
3103;101267
656;101268
8268;101269
5818;101270
5343;101271
938;101272
9573;101273
8790;101274
3006;101275
667;101276
4513;101277
688;101278
3008;101279
669;101280
6474;101281
3007;101282
3917;101283
3013;101284
3918;101285
3014;101286
4514P;101287
3009;101288
3015;101289
1911;101290
4512;101291
671;101292
3011;101293
672;101294
P33113;101295
30091;101296
3012;101297
674;101298
925;101299
7520;101300
9567;101301
3538;101302
9678;101303
9677;101304
3536;101305
3534;101306
5889;101307
98561;101308
9856;101309
8700;101310
915;101311
20454;101312
108102;101313
D27368;101314
10575;101315
1155;101316
11723;101317
10714;101318
7680;101319
98637;101320
20153;101321
3010;101322
9713B;101323
6577;101324
8633;101325
8631;101326
933;101327
10131;101328
BLY 8;101329
32576;101330
12365;101331
685;101332
9687;101333
6828;101334
6827;101335
6829;101336
39180;101337
6228;101338
6227;101339
D4;101340
DD4;101341
6052;101342
693;101343
4876;101344
5432;101345
9688;101346
4709B;101347
4709;101348
4708;101349
698;101350
697;101351
9691;101352
7345;101353
7841;101354
7842;101355
7347;101356
7843;101357
7346;101358
6053;101359
658;101360
58942;101361
7893;101362
DF100;101363
6061;101364
6057;101365
3644;101366
6055;101367
6056;101368
6060;101369
6058;101370
6059;101371
97831;101372
5570;101373
73401;101374
100789;101375
7348;101376
7349;101377
7343;101378
7340;101379
7341;101380
7339;101381
7342;101382
7344;101383
9696;101384
9697;101385
98851;101386
8910;101387
DS7;101388
4708B;101389
DU7;101390
DS4;101391
DU9;101392
7503;101393
4020;101394
7504;101395
DJS;101396
DPG;101397
2210;101398
32618;101399
32621;101400
DC10;101401
DC4;101402
DC6;101403
10290;101404
D11;101405
78478;101406
6975;101407
8A0191;101408
7067;101409
7862;101410
7069;101411
4731;101412
7064;101413
6974R;101414
7068;101415
7424;101416
7065;101417
7066;101418
3157;101419
9720;101420
7833;101421
732;101422
3035;101423
7830;101424
7832;101425
3834;101426
734;101427
1919;101428
5519;101429
4769;101430
6573;101431
5581;101432
2054;101433
10137;101434
1921;101435
1920;101436
9791;101437
2658;101438
743;101439
7906;101440
10104;101441
11031;101442
736;101443
737;101444
5582;101445
735;101446
1285;101447
741;101448
3526;101449
8517;101450
EM1/32;101451
EM1/8;101452
10472;101453
10473;101454
7372;101455
ET1;101456
17803;101457
7421;101458
7141;101459
E5;101460
2554;101461
748;101462
754;101463
746;101464
747;101465
1924;101466
21521;101467
6970;101468
EN16;101469
6490;101470
8278;101471
8276;101472
20926;101473
9875;101474
8959;101475
E31829;101476
E 6 PL;101477
10495;101478
3344;101479
10245;101480
10246;101481
10244;101482
768;101483
4007;101484
6395;101485
6397;101486
6396;101487
6398;101488
6399;101489
6400;101490
6401;101491
10410;101492
713;101493
E01;101494
EPLAS;101495
16052;101496
16050;101497
9753;101498
9752;101499
10325;101500
78452;101501
9754;101502
10319;101503
10317;101504
9756;101505
E1445;101506
E1416;101507
10316;101508
10320;101509
10150;101510
10814;101511
EPE-G;101512
EIP 1;101513
101319;101514
EIP-C;101515
EIP - G;101516
ESI14P;101517
EC1;101518
EF2;101519
EF1;101520
260083;101521
260082;101522
E34;101523
EBI;101524
5335;101525
5348;101526
2939;101527
94823;101528
94824;101529
94825;101530
94826;101531
90430;101532
94821;101533
94822;101534
32669;101535
2147;101536
32672;101537
2146;101538
8081;101539
8079;101540
8080;101541
3482;101542
3478;101543
E97590;101544
E9760;101545
8083;101546
10352;101547
ED45;101548
10128;101549
9761;101550
9762;101551
9793;101552
3426;101553
3479;101554
3480;101555
3481;101556
2822;101557
4872;101558
861;101559
508;101560
509;101561
97590;101562
9760;101563
32738;101564
802;101565
32225;101566
32558;101567
1075;101568
5899;101569
7252;101570
6217;101571
32174;101572
5772;101573
2511;101574
6023;101575
6024;101576
6223;101577
6021;101578
6022;101579
6031;101580
6027;101581
6029;101582
6030;101583
57723;101584
32486;101585
20211;101586
50730;101587
101010;101588
32630;101589
32627;101590
32624;101591
3738;101592
3737;101593
32591;101594
294;101595
32594;101596
806;101597
7174;101598
10593;101599
7881;101600
7879;101601
7880;101602
6258;101603
2789;101604
10217;101605
10214;101606
10212;101607
10211;101608
102114;101609
10213;101610
10215;101611
10219;101612
10216;101613
78451;101614
10218;101615
5895;101616
5862;101617
5863;101618
5897;101619
5867;101620
5860;101621
5865;101622
5866;101623
5861;101624
5869;101625
5456;101626
CF3;101627
CF2;101628
9765;101629
6731;101630
BLY 17;101631
5902;101632
5601;101633
7257;101634
7259;101635
6669;101636
6667;101637
6670;101638
808;101639
809;101640
4827;101641
810;101642
813;101643
3575;101644
8288;101645
7620;101646
7256;101647
7617;101648
116000;101649
815;101650
815_;101651
7548;101652
816;101653
CG1;101654
6841;101655
6845;101656
2235;101657
818;101658
820;101659
821;101660
7549;101661
7550;101662
4353;101663
827;101664
826;101665
G4;101666
9954;101667
40247;101668
C04;101669
829;101670
830;101671
4484;101672
6813;101673
4370;101674
GR1;101675
2703;101676
5804;101677
36411;101678
3641;101679
2704;101680
3437;101681
GA1;101682
5855;101683
10238;101684
10239;101685
10140;101686
787;101687
858;101688
11024B;101689
832;101690
8384;101691
840;101692
3549;101693
11025A;101694
3514;101695
DSF1637;101696
3573;101697
6811;101698
7899;101699
7900;101700
32516;101701
32519;101702
785;101703
4612;101704
2276;101705
3803;101706
3804;101707
1981;101708
3336;101709
4703;101710
5431;101711
4643;101712
836;101713
835;101714
8371;101715
838;101716
3541;101717
837;101718
1980;101719
3776;101720
2773;101721
9955;101722
10493;101723
9950;101724
10492;101725
8539;101726
8995_;101727
8995;101728
8590;101729
GMT;101730
48980;101731
G5962;101732
2496;101733
4918;101734
7886;101735
4917;101736
2356;101737
7885;101738
5796;101739
6239;101740
844G;101741
3181;101742
G6;101743
846;101744
32678;101745
2356A;101746
944;101747
943;101748
2188;101749
32636;101750
8212;101751
B10574;101752
G03;101753
855;101754
22546;101755
31753;101756
6187;101757
856;101758
11014;101759
ZM1;101760
6184;101761
3864;101762
5340;101763
OS28;101764
GCF;101765
8998;101766
4711;101767
10574;101768
G859;101769
860;101770
32639;101771
5384;101772
7251;101773
4707;101774
45633;101775
9959;101776
8267;101777
56336;101778
9956;101779
9957;101780
9958;101781
5632;101782
872;101783
FSI22;101784
9960;101785
9961;101786
GC1;101787
BLY 16;101788
4665;101789
2176;101790
2172;101791
2174;101792
712;101793
875;101794
2175;101795
871;101796
2173;101797
874;101798
8049;101799
876;101800
16071;101801
8902;101802
478;101803
8911;101804
QW125;101805
2728;101806
10122;101807
GN451;101808
GN452;101809
7542;101810
23;101811
16754;101812
6324;101813
GNLA;101814
104116;101815
12774;101816
7090;101817
11013;101818
10411G;101819
10409;101820
10459;101821
9962;101822
6020;101823
1239;101824
102021;101825
6700;101826
882;101827
10293;101828
15083;101829
4733;101830
883;101831
10002;101832
10004;101833
H26759;101834
3365;101835
HC1;101836
10599;101837
1556;101838
2527;101839
7456;101840
BLY 11;101841
8644;101842
6587;101843
8996;101844
4160;101845
9092;101846
50340;101847
7793;101848
47781;101849
7794;101850
IUXL;101851
7804;101852
I1;101853
I2;101854
D10573;101855
10594;101856
2295;101857
8573;101858
8573T;101859
892;101860
894;101861
10571;101862
10571R;101863
32858;101864
10573;101865
9098;101866
7451;101867
6954;101868
10572;101869
10572_;101870
6143;101871
15782;101872
9963;101873
50120;101874
99163;101875
10149;101876
IMP;101877
5558;101878
IPM;101879
4589;101880
9964;101881
J4;101882
999;101883
JA;101884
JB1;101885
JC24;101886
JDX5;101887
JV1;101888
12856;101889
J29054;101890
790300;101891
17002;101892
BLY 13;101893
JLM 6/24;101894
456321;101895
48566;101896
46232;101897
TC1252;101898
9676;101899
10598;101900
9965;101901
16053;101902
32327;101903
32228;101904
8274;101905
7914;101906
K01;101907
8273;101908
32468;101909
946;101910
32372;101911
KPA;101912
KPAZ;101913
32507;101914
32384;101915
32366;101916
32504;101917
KGB;101918
32369;101919
KPR;101920
KPV;101921
32381;101922
1627;101923
1007;101924
0360;101925
4168;101926
1681;101927
5259;101928
5260;101929
L53;101930
10448;101931
9968;101932
10447;101933
9969;101934
9966;101935
3901;101936
3901B;101937
L89563;101938
16015;101939
6035;101940
3159;101941
1019;101942
1020;101943
1021;101944
1022;101945
6038;101946
1023;101947
1024;101948
1954;101949
1025;101950
1026;101951
1027;101952
1028;101953
1029;101954
1030;101955
6200;101956
6201;101957
6202;101958
6203;101959
6204;101960
6205;101961
6206;101962
6207;101963
6209;101964
6198;101965
6210;101966
6199;101967
9258;101968
8064;101969
8077;101970
8066;101971
8067;101972
8068;101973
8069;101974
8070;101975
8071;101976
8072;101977
8073;101978
8074;101979
8075;101980
8076;101981
8065;101982
10253;101983
10255;101984
10257;101985
10250;101986
10256;101987
10258;101988
10260_;101989
848;101990
10376;101991
10379;101992
10380;101993
10372;101994
10374;101995
9970;101996
60022;101997
1034;101998
7624;101999
32255;102000
2006;102001
2004;102002
32882;102003
16090;102004
21159;102005
4078;102006
4124;102007
11893;102008
21546;102009
10850;102010
1036;102011
1037;102012
1038;102013
1039;102014
1040;102015
L0966;102016
10853;102017
1640;102018
1644;102019
5843;102020
1793;102021
01254;102022
1849;102023
1850;102024
80544;102025
80546;102026
80545;102027
80548;102028
80547;102029
9971;102030
9973;102031
9972;102032
9974;102033
9975;102034
5650;102035
5649;102036
5645;102037
L5646;102038
5647;102039
5648;102040
2672;102041
9899L;102042
6916;102043
4331;102044
10161;102045
7847;102046
8242;102047
8941;102048
4441;102049
8241;102050
L8239;102051
8238;102052
8246;102053
7846;102054
7844;102055
7858;102056
6288;102057
1626;102058
1635;102059
32726;102060
32723;102061
1747;102062
1769;102063
1774;102064
380A;102065
5909;102066
PG05;102067
PG06;102068
5911;102069
5912;102070
5910;102071
PG01;102072
5914;102073
5915;102074
5913;102075
PG02;102076
5908;102077
PG04;102078
5907;102079
5916;102080
PG03;102081
BC181;102082
BC180;102083
SP-18;102084
BC182;102085
BC187;102086
120;102087
10169;102088
10066;102089
82421;102090
1626B;102091
1635B;102092
1640B;102093
1747B;102094
1769B;102095
1774B;102096
12323;102097
1793B;102098
5844;102099
11017;102100
10578;102101
PL999A;102102
11594;102103
10595;102104
L1958;102105
9977S;102106
YW812;102107
4700;102108
9106;102109
8142;102110
9504;102111
7699;102112
L1175;102113
9507;102114
5012;102115
5991;102116
6785;102117
5787;102118
5786;102119
5785;102120
5014;102121
5992;102122
1332;102123
PL302;102124
PL221;102125
PL5050;102126
PL1705;102127
8304;102128
9502;102129
9501;102130
8305;102131
LPS;102132
MH-216;102133
8141;102134
MHL5800;102135
9508;102136
812;102137
70132;102138
4701;102139
10151;102140
1051;102141
1050;102142
7867;102143
7868;102144
5054;102145
32564;102146
8324;102147
1055;102148
7469;102149
9575;102150
38006;102151
8316;102152
8318;102153
8317;102154
14810;102155
LL1;102156
9505;102157
3132;102158
7808;102159
7512;102160
5280;102161
7809;102162
3450;102163
7063;102164
7470;102165
1054;102166
7629;102167
5482;102168
2744;102169
11019;102170
1137;102171
11596;102172
1072;102173
39003;102174
11546;102175
1058;102176
1059;102177
1061;102178
1062;102179
1057;102180
325;102181
323;102182
2745;102183
329;102184
2972;102185
366;102186
1066;102187
5563;102188
LL P 4;102189
1067;102190
3143;102191
1068;102192
3144;102193
4976;102194
1069;102195
2097;102196
2770;102197
1935;102198
2771;102199
2324;102200
9883;102201
6123;102202
6118;102203
6119;102204
6120;102205
6121;102206
6122;102207
T16MM;102208
32717;102209
7314;102210
T9MM;102211
6539;102212
32735;102213
6049;102214
7393;102215
4904;102216
LP1;102217
8896;102218
SEVIA2;102219
1846;102220
1848;102221
5993;102222
89653;102223
SEVIA3;102224
1847;102225
SEVIA1;102226
8897;102227
8947;102228
8239;102229
6254;102230
4905;102231
2325Y;102232
1159;102233
6925;102234
10230;102235
8243;102236
1084;102237
1088;102238
96321;102239
LMF;102240
965;102241
8013;102242
8014;102243
8015;102244
8016;102245
8017;102246
9152;102247
8638;102248
9105;102249
8639;102250
9150;102251
9151;102252
8007;102253
2563;102254
1979;102255
2564;102256
1090;102257
1091;102258
1092;102259
1093;102260
1094;102261
1095;102262
1096;102263
1097;102264
1098;102265
10157;102266
1100;102267
1103;102268
81012;102269
5106;102270
45650;102271
5983;102272
98535;102273
5074;102274
2469;102275
1126;102276
1127;102277
1128;102278
1129;102279
1130;102280
1131;102281
1132;102282
1133;102283
1134;102284
1135;102285
4983;102286
LM6;102287
32240;102288
3452;102289
3453;102290
2470;102291
5995;102292
6605;102293
3215;102294
102020;102295
LFM;102296
5994;102297
51251;102298
BLY 12;102299
11018;102300
1136;102301
1138;102302
11020;102303
1139;102304
9614;102305
9613;102306
9611;102307
9615;102308
9612;102309
1149;102310
1150;102311
1152;102312
5759;102313
5758;102314
56321;102315
56314;102316
1153;102317
15900;102318
15899;102319
5757;102320
3350;102321
5595;102322
2585;102323
4924;102324
47844;102325
5154;102326
2918;102327
32861;102328
1070;102329
1161;102330
1162;102331
1163;102332
5577;102333
45638;102334
1170;102335
1171;102336
1172;102337
1173;102338
4560;102339
1169;102340
5665;102341
LA1;102342
16007;102343
17090;102344
10471;102345
4003;102346
10441;102347
10440;102348
10439;102349
5454;102350
M21;102351
M31;102352
16092;102353
32210;102354
G001;102355
32207;102356
ME;102357
32561;102358
9976;102359
76000;102360
MPV;102361
15803;102362
16978;102363
45411;102364
1180;102365
1181;102366
4554;102367
20459;102368
9980M;102369
54586;102370
9987;102371
9980;102372
M1/2X500;102373
17094;102374
4532;102375
9981;102376
21548;102377
MA1;102378
MA100;102379
32555;102380
M100;102381
10233;102382
9984;102383
32864;102384
32867;102385
32870;102386
32222;102387
16091;102388
32855;102389
99815;102390
1182;102391
9985;102392
MT1;102393
9986;102394
1234;102395
7827;102396
7828;102397
6224;102398
1183;102399
1183B;102400
1184;102401
5780;102402
5781;102403
16044;102404
M1/4;102405
4502;102406
1187;102407
3884;102408
3882;102409
3883;102410
1188;102411
1189;102412
6849;102413
45784;102414
7826;102415
9983;102416
28034;102417
32288;102418
MB3;102419
32537;102420
32291;102421
32285;102422
9982;102423
9977;102424
MC1;102425
5560;102426
10152;102427
MS1;102428
20460;102429
28525;102430
MA2;102431
8183;102432
1191;102433
1193;102434
1194;102435
3755A;102436
8632;102437
6932;102438
9993;102439
5372;102440
5349;102441
7040;102442
6412;102443
HD10;102444
10452;102445
5374;102446
5350;102447
4563G;102448
4563M;102449
10278;102450
6325;102451
10263;102452
9989;102453
9988;102454
6545;102455
10450;102456
9990;102457
7202;102458
7203;102459
M02;102460
11232;102461
10231;102462
11333;102463
9991;102464
10271;102465
5923;102466
3755;102467
3519;102468
32642;102469
32645;102470
6922;102471
3128;102472
9992;102473
2156;102474
4756;102475
0045;102476
9592;102477
45513;102478
1202;102479
2228;102480
1203;102481
4108;102482
8967;102483
5140;102484
5800;102485
MAS1;102486
1875;102487
2200;102488
1876;102489
1877;102490
3059;102491
16715;102492
1210;102493
1217;102494
1218;102495
1219;102496
1220;102497
MCG;102498
MCM;102499
MCP;102500
12855;102501
1228;102502
1227;102503
1140;102504
1229;102505
7854;102506
1705;102507
7855;102508
12366;102509
5433;102510
2363;102511
MP1;102512
12547;102513
M99;102514
MTP;102515
16097;102516
8898;102517
32534;102518
9654;102519
5940;102520
5941;102521
9577;102522
9576;102523
8061;102524
8059;102525
8060;102526
2456;102527
5942;102528
3637;102529
3638;102530
4116;102531
MP3;102532
8884;102533
MP2;102534
M1;102535
1251;102536
8524;102537
5190;102538
8523;102539
8525;102540
8886;102541
8882;102542
8887;102543
5142;102544
8883;102545
8909;102546
96101;102547
889;102548
ML1;102549
5799;102550
5801;102551
125;102552
MLF;102553
124;102554
7848;102555
5548;102556
32579;102557
9800;102558
9801;102559
10200;102560
9802;102561
9803;102562
9804;102563
10147;102564
9806;102565
10387;102566
9807;102567
9808;102568
9805;102569
MOX;102570
MSR;102571
BF1;102572
BLY 15;102573
9809;102574
10201;102575
L1420;102576
SR2474;102577
10223;102578
8537;102579
8536;102580
9874;102581
DT30;102582
4596;102583
11016;102584
7179;102585
4671;102586
10582;102587
1286;102588
9572;102589
5263;102590
12688;102591
14788;102592
16096;102593
14078;102594
5789;102595
5790;102596
57920_;102597
5791;102598
5792;102599
5793;102600
10145;102601
5794;102602
ND16;102603
ND25;102604
ND30;102605
ND40;102606
NDB;102607
1425;102608
1437;102609
1468;102610
33333;102611
1880;102612
12176;102613
1288;102614
8370;102615
32204;102616
3130;102617
9610;102618
1287;102619
4569;102620
9810;102621
15482;102622
70031;102623
5557;102624
1449;102625
6984;102626
6997;102627
6798;102628
6988;102629
1277;102630
6989;102631
6990;102632
6991;102633
6992;102634
6983;102635
6993;102636
6994;102637
6995;102638
6996;102639
6986;102640
6985;102641
2154;102642
2285;102643
1274;102644
1275;102645
1276;102646
2283;102647
7818;102648
1278;102649
1279;102650
1280;102651
4559;102652
1281;102653
1282;102654
1283;102655
2230;102656
1299;102657
95-267;102658
95-268;102659
OF;102660
SP;102661
5760;102662
16005;102663
4521;102664
2580;102665
PJ4;102666
10160;102667
1303;102668
32720;102669
PS3;102670
11004;102671
PPC;102672
PET;102673
6390;102674
6391;102675
6392;102676
6393;102677
6394;102678
6389;102679
39021;102680
PL6;102681
PLS6;102682
PL9;102683
32540;102684
32546;102685
39020;102686
PL18;102687
3923;102688
32501;102689
3924;102690
32543;102691
PLS9;102692
GD1;102693
P48;102694
32252;102695
1314;102696
1315;102697
1312;102698
1313;102699
1143;102700
5196;102701
8345;102702
7384;102703
6196;102704
6197;102705
U011;102706
PHP;102707
PT1340;102708
P26879;102709
32729;102710
80-04;102711
80-02;102712
2159;102713
1324;102714
2020;102715
1325;102716
1326;102717
2022;102718
1327;102719
2021;102720
32234;102721
32405;102722
32402;102723
32411;102724
32408;102725
32450;102726
32783;102727
PPFP1;102728
32456;102729
32780;102730
32453;102731
32777;102732
1318;102733
1319;102734
1320;102735
1321;102736
2019;102737
1322;102738
1323;102739
3633;102740
9812;102741
5599;102742
4410;102743
9811;102744
1515;102745
20542;102746
2410;102747
3745;102748
4052;102749
1335;102750
4053;102751
45656;102752
456561;102753
32648;102754
32651;102755
ST40B;102756
PS1;102757
ST40N;102758
PS2;102759
28712;102760
32231;102761
5589;102762
48963;102763
6844;102764
PEC;102765
1338;102766
4565;102767
7290;102768
3858;102769
1339;102770
1340;102771
61513;102772
PE60;102773
PA6;102774
4830;102775
4117;102776
P41;102777
1343;102778
1344;102779
1348;102780
1346;102781
966;102782
967;102783
968;102784
10583;102785
10584;102786
79967;102787
1397;102788
2853;102789
1398;102790
1399;102791
PR5;102792
1400;102793
2854;102794
032;102795
4755;102796
6987;102797
9814;102798
9817;102799
100044;102800
9815;102801
16083;102802
9816;102803
P-6;102804
10148;102805
11907;102806
7457;102807
5698;102808
47788;102809
PR1;102810
53033;102811
53002;102812
4894;102813
4851;102814
PEG-G;102815
10023;102816
10025;102817
10021;102818
10022;102819
10029;102820
10020;102821
10030;102822
10028;102823
10027;102824
10024;102825
10026;102826
10008;102827
10018;102828
10012;102829
10019;102830
10010;102831
10014;102832
10011;102833
10013;102834
10017;102835
10009;102836
10034;102837
P28043;102838
PACH1/4;102839
10035;102840
10031;102841
10039;102842
10036;102843
10043;102844
10032;102845
10037;102846
10040;102847
10041;102848
10042;102849
6297;102850
10048;102851
10051;102852
10044;102853
10046;102854
8085;102855
10049;102856
7024;102857
10045;102858
4896;102859
PACH;102860
485311;102861
40450;102862
4850;102863
10328;102864
4899;102865
10065;102866
10063;102867
4893;102868
10067;102869
4852;102870
4571;102871
P10062;102872
10050;102873
5422;102874
4897;102875
10064;102876
5421;102877
4895;102878
10061;102879
9713;102880
P32189;102881
P32192;102882
P31862;102883
32195;102884
P32774;102885
9703;102886
P25094;102887
PT1PAO;102888
PT1PAMP;102889
P30161;102890
P25034;102891
PT1PER;102892
P25082;102893
P32333;102894
32396;102895
P25124;102896
P31328;102897
PT1PAMI;102898
PT1PAM-C;102899
P20381;102900
P30272;102901
32330;102902
P25118;102903
PT1PAP;102905
P25028;102906
P29156;102907
P27176;102908
P31415;102909
P31418;102910
32387;102911
P20507;102912
PT1PBL;102913
PT1BL-C;102914
P25106;102915
P32351;102916
P31490;102917
PT1PBHC;102918
PT1PCC;102919
P31421;102920
P25112;102921
P25031;102922
P25049;102923
7839;102924
P25052;102925
32375;102926
P25103;102927
PT1PMAG;102928
P28193;102929
P32324;102930
PT1PMLN;102931
6873;102932
PT1PMF;102933
9708;102934
43;102935
6662;102936
P31340;102937
P33350;102938
P31442;102939
32393;102940
P25037;102941
1/4OCE;102942
P25046;102943
P32399;102944
32261;102945
P25064;102946
6661;102947
P32360;102948
P21668;102949
P20375;102950
P31253;102951
P25055;102952
P32798;102953
P31439;102954
PT1PV-C;102955
P7824;102956
PT1PVA-G;102957
PT1PVA;102958
PT1PVCH;102959
P32804;102960
PT1PVC-C;102961
9705;102962
P29159;102963
P31319;102964
1/4VM;102965
P32264;102966
PT1VO;102967
P25121;102968
10522;102969
P32198;102970
9710;102971
9795;102972
P27179;102973
P27152;102974
P25043;102975
P25271;102976
P25007;102977
P8963;102978
P27188;102979
P27170;102980
P27191;102981
P27203;102982
P32570_;102983
9716;102984
P31856;102985
P32363;102986
P32885;102987
32567;102988
P31352;102989
P27209;102990
P27200;102991
P27206;102992
PT2PPR-G;102993
P32846;102994
PT2PTR;102995
1448;102996
32573;102997
P32801_;102998
P27185;102999
P27197;103000
P32201;103001
P31301;103002
PT3PAG;103003
P25013;103004
P32471;103005
PT3PAMAR;103006
7709A;103007
P27161;103008
PT3PAV;103009
P27149;103010
P29009;103011
P27167;103012
P27158;103013
P30269;103014
P27461;103015
P30311;103016
P25022;103017
P25025;103018
P25019;103019
P28199;103020
P31460;103021
P27173;103022
PT3PM;103023
PT3PMT;103024
P27458;103025
P32849;103026
6874;103027
PT3POG;103028
P31859;103029
P29003;103030
PT3PT;103031
P32732;103032
9784;103033
P32243;103034
10047;103035
PT3PVPA;103036
P30191;103037
P20372;103038
9718;103039
PT3PVT_;103040
32336;103041
P32474;103042
P32258;103043
2364;103044
5638;103045
5815;103046
1365;103047
1366;103048
6756;103049
6755;103050
54013;103051
PX3MA;103052
4111;103053
PX3M;103054
15877;103055
PD6;103056
2212;103057
0022;103058
2649;103059
1379;103060
1378;103061
9818;103062
DSF-102;103063
7807;103064
1386;103065
1390;103066
2031;103067
27521;103068
K15;103069
PBLY14;103070
7496;103071
25941;103072
11015;103073
11040;103074
578;103075
6549;103076
6357;103077
4464;103078
5410;103079
10076;103080
8562;103081
1377;103082
1411;103083
1413;103084
32216;103085
4197;103086
1417;103087
32705;103088
6107;103089
29201;103090
PV1;103091
9820;103092
32279;103093
P31853;103094
P10;103095
15081;103096
15082;103097
16051;103098
P8;103099
772654;103100
16061;103101
1110;103102
35106;103103
35104;103104
9821;103105
9822;103106
9823;103107
250022;103108
0025;103109
16000;103110
F16;103111
DSF61;103112
PH1;103113
PMB1;103114
PP1;103115
16056;103116
10577;103117
2321;103118
8964;103119
4652;103120
4134;103121
10577A;103122
6819;103123
10801;103124
P0003;103125
6817;103126
POT1;103127
9825;103128
9826;103129
10498;103130
10499;103131
9827;103132
6368;103133
9828;103134
Y1/2;103135
Y3/4;103136
1834;103137
9880;103138
9829;103139
7155;103140
1430;103141
1431;103142
1434;103143
1436;103144
16896;103145
56965;103146
CX3;103147
10805;103148
430040;103149
43041;103150
1442;103151
3525;103152
1441;103153
45875;103154
7165;103155
7166;103156
P0125;103157
RX3;103158
48026;103159
7615;103160
1453;103161
1455;103162
1454;103163
7539;103164
7615A;103165
0028;103166
1461;103167
1460;103168
5092;103169
5093;103170
54879;103171
54872;103172
1446;103173
PCO;103174
47885;103175
141;103176
1478;103177
1447;103178
60069;103179
32819;103180
79146;103181
PGD;103182
5898;103183
TC3425;103184
3151;103185
11436;103186
4766;103187
4511;103188
4362;103189
P4362;103190
8104;103191
17001;103192
PDE;103193
10311;103194
8987;103195
8542;103196
3506;103197
15801;103198
A198;103199
6562;103200
32753;103201
10581;103202
31752;103203
5744;103204
10071;103205
8297;103206
PRA;103207
7332;103208
P0475;103209
10435;103210
6463;103211
6167;103212
5469;103213
9571;103214
10237;103215
8009;103216
2125;103217
54054;103218
1810;103219
16084;103220
1812;103221
2124;103222
17801;103223
2123;103224
17805;103225
1808;103226
32525;103227
S1/2;103228
TR2;103229
TL1;103230
1679;103231
16093;103232
1680;103233
16094;103234
3332;103235
1814;103236
2010;103237
110;103238
32528;103239
2194;103240
105;103241
1811;103242
4868;103243
4869_;103244
4131;103245
10422;103246
32339;103247
PT1PTZ;103248
32159;103249
1504;103250
1503;103251
40012;103252
40015;103253
10736;103254
6589;103255
R27926;103256
8529;103257
1495;103258
8522;103259
8521_;103260
4198;103261
96320;103262
2160;103263
1505;103264
1506;103265
1507;103266
6244;103267
1508;103268
6976;103269
5153;103270
56435;103271
5917;103272
1511;103273
1509;103274
3430;103275
1510;103276
3429;103277
5764;103278
RM2;103279
16232;103280
3676;103281
3675;103282
RE1;103283
9832;103284
7536;103285
1512;103286
1513;103287
10436;103288
RD3;103289
9833;103290
23126;103291
4201;103292
5596;103293
16099;103294
2692;103295
RT1;103296
RT2;103297
8566;103298
R30;103299
3020;103300
1516;103301
1518;103302
6530;103303
5795;103304
11047;103305
11048;103306
11046;103307
16002;103308
1524;103309
1525;103310
1523;103311
1878;103312
77779;103313
1879;103314
RM1;103315
12358;103316
13558;103317
5123;103318
1538;103319
4402;103320
3626;103321
1529;103322
1531;103323
3796;103324
1536;103325
1537;103326
2634;103327
32666;103328
2631;103329
3615;103330
1530;103331
2426;103332
1540;103333
4097;103334
4098;103335
7964;103336
3813_;103337
7965;103338
4099_;103339
4100;103340
4175;103341
7966_;103342
3814;103343
3815;103344
3816;103345
4177;103346
4178;103347
4176;103348
3817;103349
3818;103350
7967;103351
3377;103352
1549;103353
2064;103354
9999;103355
5597;103356
101011;103357
8249;103358
5962;103359
2596;103360
3052;103361
10407;103362
2402;103363
R27230;103364
RO5;103365
5885;103366
25687;103367
7330;103368
7813;103369
7814;103370
7815;103371
4775;103372
32318;103373
32321;103374
10303;103375
011;103376
6914;103377
6924;103378
986;103379
987;103380
7331;103381
4776;103382
4777;103383
5615;103384
2201;103385
990;103386
991;103387
R53036;103388
7853;103389
3916;103390
2325R;103391
53035;103392
4607;103393
4602;103394
4647;103395
53036;103396
11045;103397
R5;103398
4835;103399
7461;103400
S004;103401
S003;103402
002;103403
3400;103404
HJ-20;103405
S16;103406
S24;103407
S26;103408
SX3;103409
2121;103410
1557;103411
1559;103412
FT400;103413
56324;103414
30203;103415
9835;103416
9836;103417
9834;103418
32522;103419
10175;103420
10174;103421
SE6;103422
SMO;103423
ST45;103424
9759;103425
32711;103426
8622;103427
S3;103428
7506;103429
53642;103430
45632;103431
SE20;103432
56341;103433
5674;103434
5672;103435
5671;103436
14521;103437
16769;103438
DF1651;103439
10585;103440
56730;103441
7507;103442
11367;103443
7508;103444
S5673;103445
5673;103446
10415;103447
10416;103448
10417;103449
12853;103450
12854;103451
12852;103452
SSE;103453
SE1;103454
9039;103455
7380;103456
454;103457
6415;103458
69854;103459
452;103460
996;103461
53304;103462
89562;103463
9837;103464
32168;103465
9838;103466
1569;103467
32663;103468
S27680;103469
1570;103470
1571;103471
9839;103472
9841;103473
1882;103474
32813;103475
1572;103476
1573;103477
8451;103478
49042;103479
49043;103480
1973;103481
1596;103482
85963;103483
35776;103484
6141;103485
4620;103486
6140;103487
6142;103488
6447;103489
6470;103490
6467;103491
6469;103492
6468;103493
2068;103494
7001;103495
3192;103496
3186;103497
3184;103498
89563;103499
2393;103500
1972;103501
1578;103502
1975;103503
9721;103504
9842;103505
35775;103506
TC3288;103507
12187;103508
1580;103509
6374;103510
8325;103511
11006;103512
1585;103513
1881;103514
1586;103515
1587;103516
6373;103517
1598;103518
1589;103519
1259;103520
1591;103521
5443;103522
1594;103523
1595;103524
1594B;103525
1600;103526
32708;103527
4180;103528
9845;103529
9844;103530
9843;103531
16060;103532
16059;103533
166687;103534
T2030;103535
9850;103536
99988;103537
9846;103538
9849;103539
AS7018;103540
7409;103541
1601;103542
10127;103543
1501;103544
2051;103545
S13;103546
10295;103547
9853;103548
85632;103549
5896;103550
10433;103551
10433_;103552
PT123;103553
4506;103554
3110;103555
3113;103556
4508;103557
12391;103558
SD1;103559
SN;103560
SM30;103561
0026;103562
5870;103563
CD02;103564
CD01;103565
0784;103566
776;103567
778;103568
777;103569
773;103570
774;103571
775;103572
769;103573
771;103574
770;103575
772;103576
11111;103577
1724;103578
1614;103579
41521;103580
1615S;103581
5964;103582
10451;103583
1621;103584
10454;103585
1647;103586
1648;103587
05856;103588
TP1;103589
17800;103590
16085;103591
10477;103592
10478;103593
10479;103594
105003;103595
TC3421;103596
TC3420;103597
7502;103598
5838;103599
5841;103600
3149;103601
3154;103602
3153;103603
10310;103604
33490;103605
P5838;103606
T26753;103607
1661;103608
2677;103609
2138;103610
2138A;103611
TBTA;103612
1663;103613
10186;103614
3797;103615
3997;103616
78612;103617
4568;103618
4632;103619
1593;103620
3002;103621
21160;103622
3976;103623
1678;103624
1669;103625
1675;103626
1676;103627
32660;103628
32657;103629
7630;103630
7631;103631
7632;103632
15084;103633
32633;103634
1670;103635
104;103636
5600;103637
9862;103638
9863;103639
9864;103640
9865;103641
15800;103642
15802;103643
3780;103644
23318;103645
6339;103646
TCP;103647
TG;103648
TNC;103649
2795;103650
1687;103651
7361;103652
1689;103653
1685;103654
15876;103655
10173;103656
9866;103657
9867;103658
9868;103659
9869;103660
10241;103661
T01;103662
1688;103663
32831;103664
96585;103665
32828;103666
9870;103667
9872;103668
9873;103669
9871;103670
8695;103671
96548;103672
232518;103673
8046;103674
TV250;103675
63585;103676
10418;103677
9878;103678
9877;103679
9879;103680
11938;103681
6114;103682
6115;103683
6116;103684
81417;103685
9876;103686
1698;103687
6840;103688
6838;103689
1699;103690
3507;103691
1706;103692
3205;103693
TS1;103694
TS2;103695
TS3;103696
9881;103697
5562;103698
1713;103699
3214;103700
T1726;103701
5434;103702
21156;103703
21157;103704
21158;103705
BLY 6;103706
12348;103707
L5260;103708
10596;103709
5973;103710
5974;103711
5975;103712
1720;103713
BLY 5;103714
9682;103715
10408;103716
9685;103717
3579;103718
1264;103719
9681;103720
10597;103721
7896;103722
DSF-3125;103723
6766;103724
1726;103725
3335;103726
85987;103727
1725;103728
TPR1;103729
32186;103730
1729;103731
1730;103732
1731;103733
1732;103734
8904;103735
1734;103736
1735;103737
2949;103738
10202;103739
11023;103740
11030;103741
3082;103742
2249;103743
1739;103744
1741;103745
1743;103746
7360;103747
5077;103748
7365;103749
7358;103750
1742;103751
2578;103752
1748;103753
1749;103754
5646;103755
1752;103756
10430;103757
1759;103758
6065;103759
1767;103760
7187;103761
TMX3;103762
1758;103763
10224;103764
32465;103765
7602;103766
9940_;103767
11033;103768
6935;103769
56998;103770
9884;103771
36221;103772
11025;103773
18216;103774
11024;103775
11021;103776
30182;103777
457888;103778
14794;103779
14793;103780
9943;103781
9945;103782
11222;103783
25024;103784
10155;103785
9944;103786
10482;103787
5959;103788
5967;103789
U020;103790
9887;103791
9886;103792
18021;103793
7321;103794
7322;103795
7323;103796
7324;103797
11026;103798
4887;103799
36218;103800
6790;103801
6791;103802
6792;103803
10414;103804
6789;103805
6793;103806
6794;103807
6795;103808
6796;103809
6797;103810
52550;103811
T27998;103812
TD3;103813
33344B;103814
44488;103815
TD8;103816
9925;103817
9931;103818
9932;103819
32873;103820
9922;103821
9923;103822
9924;103823
9926;103824
9927;103825
9928;103826
9936;103827
9937;103828
9938;103829
9939;103830
T9940;103831
9941;103832
9929;103833
9930;103834
9933;103835
9934;103836
9935;103837
9942;103838
47777;103839
27356;103840
16086;103841
6934;103842
6958;103843
55544;103844
58585;103845
56969;103846
16087;103847
8956;103848
2369;103849
H380;103850
1800;103851
9885;103852
98988;103853
4951;103854
18020;103855
TBL;103856
TBM;103857
TBS;103858
TBXL;103859
22141;103860
78454;103861
2919;103862
3922;103863
TR1;103864
6138;103865
TC1SP;103866
15005;103867
158004;103868
4204;103869
4300;103870
TC10;103871
4522;103872
4523;103873
4519;103874
16716;103875
9888;103876
TF4;103877
TFM;103878
360053;103879
360052;103880
1415;103881
9026;103882
1457;103883
15784;103884
32312;103885
32315;103886
16009;103887
16010;103888
160011;103889
T11/2;103890
160092;103891
16796;103892
TD21;103893
TD13;103894
9889;103895
16054;103896
TD3/4;103897
340148;103898
11036;103899
89652;103900
16089;103901
32297;103902
9892;103903
32300;103904
9893;103905
32303;103906
9894;103907
32306;103908
32309;103909
12005;103910
9896;103911
9897;103912
TSD2;103913
TN2;103914
9898;103915
TSD3;103916
TN3;103917
9899;103918
TSD4;103919
TN4;103920
9900;103921
16081;103922
10226;103923
10491;103924
10232;103925
16080;103926
2510;103927
16043;103928
U05855;103929
05854;103930
108;103931
5788;103932
17095;103933
17091;103934
999997;103935
16057;103936
54985_;103937
UP4;103938
10356;103939
16042;103940
16041;103941
9901;103942
4854;103943
9902;103944
9903;103945
9904;103946
78965;103947
2536;103948
9905;103949
5334;103950
1819;103951
1820;103952
1821;103953
1822;103954
1823;103955
1824;103956
1825;103957
3407;103958
32675;103959
2412;103960
VA1/2;103961
9906;103962
V13;103963
10240;103964
9907;103965
VA12;103966
251618;103967
V12;103968
V28046;103969
9908;103970
32741;103971
9909;103972
9910;103973
9911;103974
3510;103975
1826;103976
2411;103977
VR12;103978
52582;103979
52581;103980
V5/8;103981
52580;103982
VS1;103983
VCA;103984
VEP;103985
VFC;103986
9912;103987
VMS;103988
VD18;103989
1827;103990
2036;103991
185;103992
VPAM1/32;103993
VPAZ1/32;103994
VPBL1/32;103995
32177;103996
32180;103997
9917;103998
VPRJ1/32;103999
VPVE1/32;104000
32183;104001
16040;104002
98546;104003
10062;104004
1830;104005
4615;104006
YE88;104007
1832;104008
1177;104009
10172;104010
1176;104011
YE1/2;104012
4785;104013
9920;104014
60302;104015
4618;104016
10501;104017
1833;104018
32390;104019
32933;104020
32936;104021
32939;104022
9275;104023
5715;104024
33020;104025
33080;104026
32945;104027
32942;104028
32948;104029
32951;104030
33014;104031
32987;104032
32837;104033
1488;104034
2X18W;104035
2X9W;104036
33017;104037
32924;104038
32984;104039
32981;104040
32897;104041
9985M;104042
98956;104043
32885;104044
32900;104045
32921;104046
32966;104047
32969;104048
A32978;104049
32906;104050
32912;104051
32915;104052
32918;104053
32903;104054
32975;104055
32978;104056
32909;104057
33077;104058
P33065_;104059
P32990;104060
P33095;104061
P32993;104062
P33083;104063
P33032;104064
P32957;104065
P33041;104066
P32930;104067
P33035;104068
P32954;104069
P33038;104070
P33029;104071
P33047;104072
P33086;104073
P33044;104074
P33026;104075
P33023;104076
P33056;104077
P33053;104078
P33011;104079
P33002;104080
32927;104081
33092;104082
33089;104083
100688;104084
33062;104085
33059;104086
33074;104087
33071;104088
33050;104089
4;104090
R/507;104091
R/509;104092
3-64;104093
13535;104094
900;104095
A3243;104096
3243;104097
10324;104098
ACROP-G;100043
A7733;104100
8479;104101
GF18;104102
95200;104103
A30842;104104
A38;104105
03TA200;104106
L725;104107
32420;104108
32423;104109
26750;104110
32495;104111
YJ18;104112
BPVC;104113
BS;104114
B1;104115
BR005;104116
BR0004;104117
5948;104118
L978;104119
L974;104120
CAP;104121
CC0;104122
92-18;104123
92-17;104124
92-10;104125
92-1;104126
92-2;104127
8895;104128
CAS;104129
L508;104130
6BU25;104131
12GF18;104132
10322;104133
07GF;104134
1-249;104135
GA3;104136
B-15;104137
50100PQ;104138
05GA;104139
GA4;104140
7GA;104141
9GA;104142
501010G;104143
DJB;104144
01GF;104145
18TA;104146
34002;104147
3254B;104148
3402;104149
ENV1GAL;104150
ENGAESTU;104151
E31682;104152
ENV45;104153
ENCUESTU;104154
ENY3;104155
3254A;104156
1-472;104157
EIP1;104158
9755;104159
12548;101512
10318;104162
78455;104163
FLETES;104164
11021B;104165
9959G;104166
G32837;104167
BLY11;104168
60100PQ;104169
1GF20;104170
JLM6/24;104171
T37;104172
33489;104173
32399;104174
LRN;104175
9503;104176
10689;104177
32438;104178
LL1_;104179
9505_;104180
32114;104181
MR2;104182
MA402;104183
14138;104184
1-467;104185
03BU25;104186
MGLICOL;104187
ABM;104188
GF20;104189
NB NEGRO;104190
14BU;104191
04BU;104192
U31862;104193
L23;104194
95-234;104195
95-235;104196
95-237;104197
OC;104198
1-558;104199
32417;104200
4946;104201
PT6;104202
14147;104203
326001;104204
32132;104205
32123;104206
32126;104207
32129;104208
32120;104209
30155;104210
PT1PBH;104212
PT1PBAC;104213
PT1POCC;104214
PT1PPR;104215
PT1PVPC;104216
9792;104217
41;104218
542;104219
9831;104220
PT2PTG;104221
P1263;104222
6691;104223
85744;104224
21514;104225
9785;104226
9101;104227
12590;104228
56338;104229
30151;104230
32876;104231
13821;104232
G0011;104233
10068;104234
9719;104235
9707;104236
16728;104237
10001;104238
6668;104239
16727;104240
9771;104241
20311;104242
10075;104243
10007;104244
178012;104245
329781;104246
DFSF61;104247
PR25;104248
11GF20;104249
10896;104250
GF21;104251
A4766;104252
P30107;104253
70200;104254
43118;104255
R3/8;104256
01TA200;104257
RVR;104258
R3095;104259
1-302;104260
SE 20;104261
AS7018;104262
14161;104263
14160;104264
1-145;104265
TM;104266
329751;104267
0252;104268
107PQ;104269
06BU;104270
BU25;104271
40300;104272
T5;104273
5220;104274
BU 20;104275
1-127;104276
1-871;104277
6779;104278
1382;104279
TA200;104280
9915;104281
ZR38;104282
C3306;104284
10571PL;104285
32984F;104285
33110;104286
LAI23;104287
6974;104288
330201;104289
32879;104290
9709;104291
104305;104305
104308;104308
33134;104309
33137;104310
YW066;104311
33065;104312
33140;104313
33149;104314
33167;104315
33281;104316
33146;104318
P33152;104214
33155;104319
33158;104320
33293;104321
33296;104322
33245;104323
33170;104324
33173;104325
33179;104326
33176;104327
33185;104328
33083;104329
33191;104330
33194;104331
33197;104332
33200;104333
33203;104334
33161;104335
33164;104336
33086;104337
33206;104338
33209;104339
33278;104340
33284;104341
33212;104342
33215;104343
33218;104344
33221;104345
33224;104346
33227;104347
33236;104348
33242;104349
33239;104350
33248;104351
33230;104352
33233;104353
33251;104354
33254;104355
33257;104356
33260;104357
33266;104358
33290;104359
33263;104360
33272;104361
33269;104362
33275;104363
33182;104364
33314;104365
33299;104366
33308;104367
33311;104368
33302;104369
33323;104370
33326;104371
33320;104372
33317;104373
33329;104374
33332;104375
33335;104376
P33347;104377
33344;104378
33341;104379
33338;104380
